{
    "N1_N2": {
        "capacity": 250,
        "fftt": 20,
        "breakpoints": [
            0.0,
            50.0,
            100.0,
            150.0,
            200.0,
            250.0,
            300.0,
            350.0,
            400.0,
            450.0,
            500.0,
            550.0,
            600.0,
            650.0,
            700.0,
            750.0,
            800.0,
            850.0,
            900.0,
            950.0,
            1000.0
        ],
        "tti_values": [
            1.0,
            1.00024,
            1.00384,
            1.01944,
            1.06144,
            1.15,
            1.31104,
            1.5762399999999999,
            1.9830400000000001,
            2.57464,
            3.4,
            4.513840000000001,
            5.97664,
            7.854640000000001,
            10.219839999999998,
            13.15,
            16.728640000000002,
            21.045039999999997,
            26.19424,
            32.27703999999999,
            39.4
        ]
    },
    "N2_N3": {
        "capacity": 250,
        "fftt": 22,
        "breakpoints": [
            0.0,
            50.0,
            100.0,
            150.0,
            200.0,
            250.0,
            300.0,
            350.0,
            400.0,
            450.0,
            500.0,
            550.0,
            600.0,
            650.0,
            700.0,
            750.0,
            800.0,
            850.0,
            900.0,
            950.0,
            1000.0
        ],
        "tti_values": [
            1.0,
            1.00024,
            1.00384,
            1.01944,
            1.06144,
            1.15,
            1.31104,
            1.5762399999999999,
            1.9830400000000001,
            2.57464,
            3.4,
            4.513840000000001,
            5.97664,
            7.854640000000001,
            10.219839999999998,
            13.15,
            16.728640000000002,
            21.045039999999997,
            26.19424,
            32.27703999999999,
            39.4
        ]
    },
    "N3_N4": {
        "capacity": 150,
        "fftt": 20,
        "breakpoints": [
            0.0,
            30.0,
            60.0,
            90.0,
            120.0,
            150.0,
            180.0,
            210.0,
            240.0,
            270.0,
            300.0,
            330.0,
            360.0,
            390.0,
            420.0,
            450.0,
            480.0,
            510.0,
            540.0,
            570.0,
            600.0
        ],
        "tti_values": [
            1.0,
            1.00024,
            1.00384,
            1.01944,
            1.06144,
            1.15,
            1.31104,
            1.5762399999999999,
            1.9830400000000001,
            2.57464,
            3.4,
            4.513840000000001,
            5.97664,
            7.854640000000001,
            10.219839999999998,
            13.15,
            16.728640000000002,
            21.045039999999997,
            26.19424,
            32.27703999999999,
            39.4
        ]
    },
    "N4_N5": {
        "capacity": 150,
        "fftt": 20,
        "breakpoints": [
            0.0,
            30.0,
            60.0,
            90.0,
            120.0,
            150.0,
            180.0,
            210.0,
            240.0,
            270.0,
            300.0,
            330.0,
            360.0,
            390.0,
            420.0,
            450.0,
            480.0,
            510.0,
            540.0,
            570.0,
            600.0
        ],
        "tti_values": [
            1.0,
            1.00024,
            1.00384,
            1.01944,
            1.06144,
            1.15,
            1.31104,
            1.5762399999999999,
            1.9830400000000001,
            2.57464,
            3.4,
            4.513840000000001,
            5.97664,
            7.854640000000001,
            10.219839999999998,
            13.15,
            16.728640000000002,
            21.045039999999997,
            26.19424,
            32.27703999999999,
            39.4
        ]
    },
    "N4_N6": {
        "capacity": 150,
        "fftt": 20,
        "breakpoints": [
            0.0,
            30.0,
            60.0,
            90.0,
            120.0,
            150.0,
            180.0,
            210.0,
            240.0,
            270.0,
            300.0,
            330.0,
            360.0,
            390.0,
            420.0,
            450.0,
            480.0,
            510.0,
            540.0,
            570.0,
            600.0
        ],
        "tti_values": [
            1.0,
            1.00024,
            1.00384,
            1.01944,
            1.06144,
            1.15,
            1.31104,
            1.5762399999999999,
            1.9830400000000001,
            2.57464,
            3.4,
            4.513840000000001,
            5.97664,
            7.854640000000001,
            10.219839999999998,
            13.15,
            16.728640000000002,
            21.045039999999997,
            26.19424,
            32.27703999999999,
            39.4
        ]
    },
    "N2_N4": {
        "capacity": 150,
        "fftt": 20,
        "breakpoints": [
            0.0,
            30.0,
            60.0,
            90.0,
            120.0,
            150.0,
            180.0,
            210.0,
            240.0,
            270.0,
            300.0,
            330.0,
            360.0,
            390.0,
            420.0,
            450.0,
            480.0,
            510.0,
            540.0,
            570.0,
            600.0
        ],
        "tti_values": [
            1.0,
            1.00024,
            1.00384,
            1.01944,
            1.06144,
            1.15,
            1.31104,
            1.5762399999999999,
            1.9830400000000001,
            2.57464,
            3.4,
            4.513840000000001,
            5.97664,
            7.854640000000001,
            10.219839999999998,
            13.15,
            16.728640000000002,
            21.045039999999997,
            26.19424,
            32.27703999999999,
            39.4
        ]
    },
    "N2_N5": {
        "capacity": 250,
        "fftt": 24,
        "breakpoints": [
            0.0,
            50.0,
            100.0,
            150.0,
            200.0,
            250.0,
            300.0,
            350.0,
            400.0,
            450.0,
            500.0,
            550.0,
            600.0,
            650.0,
            700.0,
            750.0,
            800.0,
            850.0,
            900.0,
            950.0,
            1000.0
        ],
        "tti_values": [
            1.0,
            1.00024,
            1.00384,
            1.01944,
            1.06144,
            1.15,
            1.31104,
            1.5762399999999999,
            1.9830400000000001,
            2.57464,
            3.4,
            4.513840000000001,
            5.97664,
            7.854640000000001,
            10.219839999999998,
            13.15,
            16.728640000000002,
            21.045039999999997,
            26.19424,
            32.27703999999999,
            39.4
        ]
    },
    "N3_N6": {
        "capacity": 250,
        "fftt": 24,